Date,Incoming Calls,Answered Calls,Abandoned Calls,Answer Speed (AVG),Talk Duration (AVG),Waiting Time (AVG),Calculated_Incoming_Calls,Incoming_Match
2022-01-01,157,145,12,15.0,149.0,192.0,157,True
2022-01-02,37,37,0,3.0,126.0,35.0,37,True
2022-01-03,317,304,13,18.0,95.0,157.0,317,True
2022-01-04,253,244,9,13.0,110.0,122.0,253,True
2022-01-05,214,205,9,10.0,130.0,202.0,214,True
2022-01-06,222,200,22,15.0,138.0,372.0,222,True
2022-01-07,375,348,27,19.0,100.0,209.0,375,True
2022-01-08,166,164,2,12.0,130.0,166.0,166,True
2022-01-09,32,32,0,2.0,123.0,3.0,32,True
2022-01-10,232,222,10,8.0,109.0,138.0,232,True
2022-01-11,206,197,9,7.0,112.0,168.0,206,True
2022-01-12,343,313,30,13.0,111.0,220.0,343,True
2022-01-13,181,174,7,13.0,138.0,206.0,181,True
2022-01-14,229,211,18,20.0,124.0,293.0,229,True
2022-01-15,228,212,16,10.0,123.0,165.0,228,True
2022-01-16,45,44,1,2.0,124.0,55.0,45,True
2022-01-17,222,194,28,26.0,163.0,388.0,222,True
2022-01-18,189,174,15,15.0,136.0,279.0,189,True
2022-01-19,192,184,8,10.0,129.0,220.0,192,True
2022-01-20,190,174,16,15.0,145.0,189.0,190,True
2022-01-21,155,148,7,10.0,147.0,216.0,155,True
2022-01-22,169,150,19,18.0,146.0,278.0,169,True
2022-01-23,58,57,1,4.0,146.0,58.0,58,True
2022-01-24,161,153,8,10.0,143.0,165.0,161,True
2022-01-25,87,79,8,32.0,163.0,280.0,87,True
2022-01-26,182,170,12,23.0,151.0,345.0,182,True
2022-01-27,213,192,21,26.0,136.0,335.0,213,True
2022-01-28,164,157,7,14.0,139.0,175.0,164,True
2022-01-29,143,140,3,15.0,140.0,283.0,143,True
2022-01-30,57,55,2,6.0,123.0,110.0,57,True
2022-01-31,180,172,8,13.0,137.0,203.0,180,True
2022-02-01,196,184,12,24.0,144.0,199.0,196,True
2022-02-02,202,196,6,15.0,136.0,293.0,202,True
2022-02-03,223,189,34,32.0,157.0,484.0,223,True
2022-02-04,194,190,4,16.0,142.0,122.0,194,True
2022-02-05,228,219,9,15.0,164.0,235.0,228,True
2022-02-06,52,52,0,9.0,136.0,52.0,52,True
2022-02-07,388,370,18,20.0,131.0,190.0,388,True
2022-02-08,138,130,8,16.0,146.0,587.0,138,True
2022-02-09,254,252,2,10.0,128.0,70.0,254,True
2022-02-10,212,206,6,11.0,144.0,277.0,212,True
2022-02-11,282,279,3,7.0,138.0,71.0,282,True
2022-02-12,262,260,2,8.0,151.0,73.0,262,True
2022-02-13,65,63,2,12.0,142.0,130.0,65,True
2022-02-14,325,323,2,5.0,133.0,74.0,325,True
2022-02-15,236,230,6,5.0,139.0,58.0,236,True
2022-02-16,215,212,3,5.0,134.0,58.0,215,True
2022-02-17,85,85,0,3.0,146.0,55.0,85,True
2022-02-18,195,195,0,5.0,144.0,133.0,195,True
2022-02-19,189,182,7,15.0,134.0,111.0,189,True
2022-02-20,58,58,0,6.0,142.0,52.0,58,True
2022-02-21,251,247,4,14.0,136.0,113.0,251,True
2022-02-22,181,178,3,12.0,144.0,117.0,181,True
2022-02-23,231,213,18,26.0,136.0,187.0,231,True
2022-02-24,165,163,2,9.0,145.0,140.0,165,True
2022-02-25,186,179,7,17.0,137.0,153.0,186,True
2022-02-26,173,164,9,18.0,147.0,249.0,173,True
2022-02-27,58,51,7,7.0,107.0,220.0,58,True
2022-02-28,201,192,9,10.0,138.0,169.0,201,True
2022-03-01,202,199,3,8.0,125.0,77.0,202,True
2022-03-02,218,212,6,7.0,115.0,110.0,218,True
2022-03-03,225,223,2,9.0,129.0,66.0,225,True
2022-03-04,235,231,4,8.0,139.0,66.0,235,True
2022-03-05,202,201,1,8.0,141.0,113.0,202,True
2022-03-06,43,39,4,11.0,135.0,110.0,43,True
2022-03-07,195,187,8,10.0,147.0,150.0,195,True
2022-03-08,202,199,3,13.0,143.0,118.0,202,True
2022-03-09,147,140,7,12.0,133.0,275.0,147,True
2022-03-10,147,145,2,9.0,135.0,58.0,147,True
2022-03-11,157,145,12,12.0,153.0,273.0,157,True
2022-03-12,157,156,1,9.0,144.0,53.0,157,True
2022-03-13,38,36,2,13.0,131.0,59.0,38,True
2022-03-14,166,162,4,9.0,149.0,165.0,166,True
2022-03-15,228,216,12,13.0,135.0,106.0,228,True
2022-03-16,254,247,7,10.0,114.0,77.0,254,True
2022-03-17,134,134,0,3.0,133.0,26.0,134,True
2022-03-18,70,67,3,12.0,121.0,76.0,70,True
2022-03-19,83,82,1,7.0,123.0,76.0,83,True
2022-03-20,42,40,2,8.0,111.0,96.0,42,True
2022-03-21,66,64,2,5.0,120.0,99.0,66,True
2022-03-22,154,146,8,20.0,128.0,272.0,154,True
2022-03-23,142,135,7,23.0,126.0,135.0,142,True
2022-03-24,146,143,3,17.0,117.0,147.0,146,True
2022-03-25,144,140,4,12.0,113.0,125.0,144,True
2022-03-26,105,103,2,17.0,115.0,121.0,105,True
2022-03-27,36,35,1,16.0,114.0,91.0,36,True
2022-03-28,61,57,4,4.0,120.0,221.0,61,True
2022-03-29,60,58,2,11.0,128.0,94.0,60,True
2022-03-30,18,17,1,5.0,159.0,20.0,18,True
2022-03-31,206,202,4,9.0,114.0,70.0,206,True
2022-04-01,194,193,1,11.0,117.0,94.0,194,True
2022-04-02,207,200,7,10.0,128.0,120.0,207,True
2022-04-03,53,53,0,18.0,128.0,130.0,53,True
2022-04-04,147,145,2,9.0,110.0,84.0,147,True
2022-04-05,201,197,4,9.0,119.0,143.0,201,True
2022-04-06,202,198,4,10.0,129.0,71.0,202,True
2022-04-07,227,219,8,10.0,132.0,165.0,227,True
2022-04-08,167,163,4,7.0,129.0,110.0,167,True
2022-04-09,164,164,0,11.0,137.0,105.0,164,True
2022-04-10,42,41,1,11.0,129.0,78.0,42,True
2022-04-11,79,78,1,7.0,143.0,48.0,79,True
2022-04-12,165,162,3,9.0,129.0,110.0,165,True
2022-04-13,181,174,7,16.0,136.0,103.0,181,True
2022-04-14,179,176,3,10.0,146.0,110.0,179,True
2022-04-15,217,215,2,8.0,128.0,127.0,217,True
2022-04-16,171,167,4,10.0,135.0,110.0,171,True
2022-04-17,37,37,0,9.0,117.0,82.0,37,True
2022-04-18,216,206,10,18.0,129.0,165.0,216,True
2022-04-19,219,212,7,16.0,137.0,129.0,219,True
2022-04-20,205,202,3,11.0,145.0,97.0,205,True
2022-04-21,196,190,6,12.0,142.0,74.0,196,True
2022-04-22,182,176,6,13.0,133.0,76.0,182,True
2022-04-23,213,206,7,11.0,140.0,109.0,213,True
2022-04-24,33,32,1,8.0,148.0,55.0,33,True
2022-04-25,300,287,13,13.0,95.0,171.0,300,True
2022-04-26,158,156,2,11.0,143.0,92.0,158,True
2022-04-27,156,154,2,12.0,133.0,61.0,156,True
2022-04-28,163,163,0,10.0,122.0,166.0,163,True
2022-04-29,98,98,0,7.0,130.0,70.0,98,True
2022-04-30,256,249,7,15.0,139.0,331.0,256,True
2022-05-01,50,49,1,8.0,122.0,57.0,50,True
2022-05-02,290,289,1,12.0,121.0,70.0,290,True
2022-05-03,299,281,18,22.0,128.0,270.0,299,True
2022-05-04,260,257,3,17.0,133.0,80.0,260,True
2022-05-05,202,193,9,19.0,143.0,122.0,202,True
2022-05-06,132,131,1,17.0,133.0,90.0,132,True
2022-05-07,167,165,2,9.0,126.0,57.0,167,True
2022-05-08,86,79,7,18.0,145.0,113.0,86,True
2022-05-09,245,236,9,21.0,149.0,116.0,245,True
2022-05-10,186,182,4,14.0,133.0,98.0,186,True
2022-05-11,280,264,16,19.0,140.0,130.0,280,True
2022-05-12,272,268,4,15.0,150.0,105.0,272,True
2022-05-13,220,206,14,25.0,141.0,221.0,220,True
2022-05-14,152,148,4,14.0,138.0,85.0,152,True
2022-05-15,49,43,6,22.0,121.0,81.0,49,True
2022-05-16,187,181,6,14.0,140.0,109.0,187,True
2022-05-17,182,180,2,8.0,130.0,58.0,182,True
2022-05-18,192,188,4,20.0,118.0,116.0,192,True
2022-05-19,156,148,8,14.0,144.0,138.0,156,True
2022-05-20,144,142,2,11.0,139.0,65.0,144,True
2022-05-21,164,162,2,12.0,155.0,110.0,164,True
2022-05-22,27,26,1,11.0,124.0,77.0,27,True
2022-05-23,177,175,2,11.0,139.0,95.0,177,True
2022-05-24,134,131,3,14.0,143.0,99.0,134,True
2022-05-25,126,120,6,14.0,140.0,172.0,126,True
2022-05-26,167,163,4,16.0,144.0,72.0,167,True
2022-05-27,169,167,2,9.0,134.0,104.0,169,True
2022-05-28,162,160,2,16.0,135.0,91.0,162,True
2022-05-29,25,25,0,16.0,155.0,58.0,25,True
2022-05-30,159,146,13,17.0,137.0,111.0,159,True
2022-05-31,168,154,14,25.0,138.0,219.0,168,True
2022-06-01,58,55,3,16.0,131.0,165.0,58,True
2022-06-02,75,74,1,15.0,133.0,198.0,75,True
2022-06-03,28,28,0,7.0,148.0,51.0,28,True
2022-06-04,108,107,1,9.0,131.0,59.0,108,True
2022-06-05,21,21,0,7.0,178.0,58.0,21,True
2022-06-06,190,182,8,21.0,130.0,286.0,190,True
2022-06-07,162,155,7,19.0,147.0,110.0,162,True
2022-06-08,155,151,4,17.0,140.0,109.0,155,True
2022-06-09,163,150,13,17.0,142.0,165.0,163,True
2022-06-10,132,129,3,27.0,142.0,154.0,132,True
2022-06-11,122,119,3,16.0,144.0,110.0,122,True
2022-06-12,17,17,0,21.0,160.0,58.0,17,True
2022-06-13,45,45,0,6.0,126.0,57.0,45,True
2022-06-14,178,172,6,20.0,143.0,171.0,178,True
2022-06-15,133,132,1,10.0,145.0,59.0,133,True
2022-06-16,179,167,12,15.0,142.0,275.0,179,True
2022-06-17,127,124,3,16.0,142.0,105.0,127,True
2022-06-18,148,147,1,16.0,131.0,191.0,148,True
2022-06-19,23,23,0,32.0,122.0,163.0,23,True
2022-06-20,142,134,8,24.0,158.0,149.0,142,True
2022-06-21,124,120,4,20.0,153.0,178.0,124,True
2022-06-22,166,156,10,25.0,141.0,158.0,166,True
2022-06-23,168,166,2,21.0,153.0,223.0,168,True
2022-06-24,200,188,12,22.0,152.0,165.0,200,True
2022-06-25,140,133,7,17.0,160.0,183.0,140,True
2022-06-26,46,45,1,10.0,134.0,76.0,46,True
2022-06-27,186,174,12,23.0,157.0,275.0,186,True
2022-06-28,210,190,20,21.0,143.0,246.0,210,True
2022-06-29,193,180,13,21.0,152.0,113.0,193,True
2022-06-30,214,204,10,24.0,146.0,166.0,214,True
2022-07-01,489,451,38,16.0,57.0,525.0,489,True
2022-07-02,551,526,25,19.0,81.0,234.0,551,True
2022-07-03,54,53,1,25.0,156.0,78.0,54,True
2022-07-04,277,261,16,22.0,133.0,132.0,277,True
2022-07-05,207,195,12,24.0,154.0,180.0,207,True
2022-07-06,80,77,3,10.0,131.0,93.0,80,True
2022-07-07,201,195,6,21.0,150.0,168.0,201,True
2022-07-08,154,150,4,21.0,149.0,165.0,154,True
2022-07-09,164,155,9,23.0,138.0,146.0,164,True
2022-07-10,12,12,0,25.0,217.0,88.0,12,True
2022-07-11,219,212,7,20.0,116.0,251.0,219,True
2022-07-12,173,163,10,18.0,129.0,113.0,173,True
2022-07-13,207,194,13,18.0,144.0,101.0,207,True
2022-07-14,180,168,12,23.0,148.0,170.0,180,True
2022-07-15,216,201,15,23.0,131.0,144.0,216,True
2022-07-16,170,161,9,23.0,137.0,275.0,170,True
2022-07-17,46,46,0,25.0,144.0,95.0,46,True
2022-07-18,184,177,7,18.0,150.0,67.0,184,True
2022-07-19,211,190,21,21.0,145.0,110.0,211,True
2022-07-20,236,224,12,22.0,135.0,200.0,236,True
2022-07-21,206,194,12,18.0,137.0,110.0,206,True
2022-07-22,207,189,18,21.0,135.0,236.0,207,True
2022-07-23,99,99,0,16.0,145.0,62.0,99,True
2022-07-24,29,27,2,19.0,167.0,142.0,29,True
2022-07-25,168,159,9,23.0,148.0,275.0,168,True
2022-07-26,164,161,3,17.0,155.0,97.0,164,True
2022-07-27,160,147,13,21.0,154.0,123.0,160,True
2022-07-28,165,161,4,17.0,146.0,66.0,165,True
2022-07-29,130,124,6,23.0,148.0,110.0,130,True
2022-07-30,156,149,7,23.0,146.0,259.0,156,True
2022-07-31,24,22,2,28.0,144.0,81.0,24,True
2022-08-01,210,200,10,23.0,144.0,131.0,210,True
2022-08-02,241,226,15,26.0,139.0,170.0,241,True
2022-08-03,232,210,22,29.0,143.0,496.0,232,True
2022-08-04,198,172,26,23.0,140.0,376.0,198,True
2022-08-05,206,179,27,24.0,136.0,170.0,206,True
2022-08-06,270,254,16,15.0,111.0,160.0,270,True
2022-08-07,52,49,3,18.0,138.0,137.0,52,True
2022-08-08,417,397,20,23.0,118.0,332.0,417,True
2022-08-09,350,325,25,27.0,142.0,165.0,350,True
2022-08-10,188,179,9,25.0,134.0,179.0,188,True
2022-08-11,206,186,20,24.0,158.0,275.0,206,True
2022-08-12,206,194,12,18.0,153.0,122.0,206,True
2022-08-13,127,121,6,21.0,152.0,111.0,127,True
2022-08-14,36,36,0,17.0,127.0,91.0,36,True
2022-08-15,183,165,18,27.0,150.0,139.0,183,True
2022-08-16,170,162,8,20.0,145.0,113.0,170,True
2022-08-17,155,151,4,21.0,140.0,165.0,155,True
2022-08-18,175,137,38,38.0,144.0,330.0,175,True
2022-08-19,64,45,19,32.0,169.0,330.0,64,True
2022-08-20,173,136,37,42.0,156.0,328.0,173,True
2022-08-21,33,27,6,35.0,142.0,190.0,33,True
2022-08-22,245,148,97,36.0,168.0,639.0,245,True
2022-08-23,208,204,4,19.0,186.0,314.0,208,True
2022-08-24,176,168,8,25.0,171.0,224.0,176,True
2022-08-25,179,167,12,22.0,161.0,264.0,179,True
2022-08-26,833,767,66,24.0,85.0,275.0,833,True
2022-08-27,87,85,2,23.0,145.0,137.0,87,True
2022-08-28,41,39,2,15.0,162.0,78.0,41,True
2022-08-29,284,257,27,31.0,153.0,475.0,284,True
2022-08-30,200,192,8,22.0,166.0,168.0,200,True
2022-08-31,254,239,15,29.0,149.0,216.0,254,True
2022-09-01,222,208,14,20.0,156.0,165.0,222,True
2022-09-02,208,193,15,24.0,147.0,217.0,208,True
2022-09-03,219,206,13,22.0,146.0,122.0,219,True
2022-09-04,24,24,0,19.0,170.0,67.0,24,True
2022-09-05,250,238,12,13.0,147.0,110.0,250,True
2022-09-06,224,212,12,20.0,145.0,221.0,224,True
2022-09-07,192,178,14,32.0,147.0,165.0,192,True
2022-09-08,239,231,8,20.0,147.0,123.0,239,True
2022-09-09,215,205,10,20.0,154.0,154.0,215,True
2022-09-10,188,176,12,23.0,135.0,303.0,188,True
2022-09-11,21,20,1,14.0,145.0,54.0,21,True
2022-09-12,171,157,14,21.0,149.0,270.0,171,True
2022-09-13,150,141,9,16.0,158.0,157.0,150,True
2022-09-14,172,164,8,19.0,142.0,229.0,172,True
2022-09-15,128,122,6,13.0,142.0,85.0,128,True
2022-09-16,21,21,0,8.0,183.0,58.0,21,True
2022-09-17,5,5,0,14.0,157.0,59.0,5,True
2022-09-18,33,32,1,26.0,124.0,105.0,33,True
2022-09-19,146,139,7,20.0,148.0,221.0,146,True
2022-09-20,129,127,2,19.0,133.0,109.0,129,True
2022-09-21,197,178,19,26.0,156.0,320.0,197,True
2022-09-22,195,187,8,24.0,145.0,224.0,195,True
2022-09-23,203,195,8,21.0,141.0,179.0,203,True
2022-09-24,215,208,7,13.0,139.0,57.0,215,True
2022-09-25,28,28,0,13.0,133.0,78.0,28,True
2022-09-26,191,187,4,15.0,143.0,100.0,191,True
2022-09-27,206,197,9,21.0,147.0,143.0,206,True
2022-09-28,198,196,2,23.0,148.0,123.0,198,True
2022-09-29,185,177,8,20.0,161.0,110.0,185,True
2022-09-30,186,174,12,25.0,147.0,167.0,186,True
2022-10-01,169,160,9,26.0,145.0,124.0,169,True
2022-10-02,39,37,2,14.0,128.0,63.0,39,True
2022-10-03,228,210,18,28.0,133.0,153.0,228,True
2022-10-04,183,174,9,32.0,136.0,236.0,183,True
2022-10-05,354,305,49,45.0,117.0,307.0,354,True
2022-10-06,451,441,10,19.0,113.0,151.0,451,True
2022-10-07,261,248,13,20.0,126.0,111.0,261,True
2022-10-08,234,214,20,18.0,126.0,151.0,234,True
2022-10-09,48,47,1,13.0,123.0,106.0,48,True
2022-10-10,248,236,12,20.0,131.0,276.0,248,True
2022-10-11,203,195,8,25.0,135.0,333.0,203,True
2022-10-12,153,150,3,15.0,135.0,132.0,153,True
2022-10-13,179,172,7,19.0,135.0,275.0,179,True
2022-10-14,173,165,8,19.0,144.0,204.0,173,True
2022-10-15,209,200,9,26.0,143.0,195.0,209,True
2022-10-16,77,76,1,29.0,136.0,114.0,77,True
2022-10-17,299,250,49,41.0,140.0,430.0,299,True
2022-10-18,220,212,8,21.0,139.0,110.0,220,True
2022-10-19,173,169,4,18.0,133.0,134.0,173,True
2022-10-20,205,197,8,17.0,143.0,117.0,205,True
2022-10-21,222,185,37,30.0,137.0,386.0,222,True
2022-10-22,465,441,24,30.0,138.0,220.0,465,True
2022-10-23,56,55,1,26.0,131.0,113.0,56,True
2022-10-24,195,176,19,23.0,125.0,167.0,195,True
2022-10-25,385,365,20,20.0,95.0,173.0,385,True
2022-10-26,250,223,27,25.0,134.0,324.0,250,True
2022-10-27,48,46,2,26.0,134.0,85.0,48,True
2022-10-28,224,205,19,26.0,135.0,195.0,224,True
2022-10-29,277,261,16,33.0,139.0,178.0,277,True
2022-10-30,39,36,3,19.0,113.0,112.0,39,True
2022-10-31,252,236,16,29.0,128.0,247.0,252,True
2022-11-01,199,184,15,29.0,143.0,221.0,199,True
2022-11-02,226,208,18,28.0,141.0,411.0,226,True
2022-11-03,240,236,4,18.0,134.0,128.0,240,True
2022-11-04,55,52,3,16.0,139.0,102.0,55,True
2022-11-05,60,54,6,8.0,126.0,121.0,60,True
2022-11-06,37,31,6,11.0,142.0,116.0,37,True
2022-11-07,231,219,12,13.0,127.0,155.0,231,True
2022-11-08,209,189,20,15.0,139.0,228.0,209,True
2022-11-09,230,200,30,21.0,141.0,282.0,230,True
2022-11-10,201,193,8,17.0,143.0,220.0,201,True
2022-11-11,191,179,12,22.0,130.0,401.0,191,True
2022-11-12,171,159,12,22.0,143.0,206.0,171,True
2022-11-13,41,40,1,25.0,152.0,125.0,41,True
2022-11-14,224,187,37,48.0,135.0,313.0,224,True
2022-11-15,195,185,10,21.0,130.0,165.0,195,True
2022-11-16,176,172,4,16.0,140.0,135.0,176,True
2022-11-17,181,179,2,18.0,141.0,137.0,181,True
2022-11-18,160,151,9,29.0,119.0,221.0,160,True
2022-11-19,145,135,10,24.0,132.0,385.0,145,True
2022-11-20,30,29,1,33.0,178.0,136.0,30,True
2022-11-21,199,185,14,24.0,138.0,140.0,199,True
2022-11-22,57,47,10,24.0,142.0,168.0,57,True
2022-11-23,187,153,34,38.0,137.0,641.0,187,True
2022-11-24,180,166,14,30.0,144.0,312.0,180,True
2022-11-25,186,164,22,25.0,124.0,220.0,186,True
2022-11-26,200,182,18,28.0,145.0,260.0,200,True
2022-11-27,60,58,2,37.0,156.0,190.0,60,True
2022-11-28,244,224,20,23.0,145.0,165.0,244,True
2022-11-29,309,295,14,29.0,136.0,165.0,309,True
2022-11-30,296,289,7,26.0,143.0,191.0,296,True
2022-12-01,240,230,10,26.0,134.0,194.0,240,True
2022-12-02,243,231,12,23.0,145.0,112.0,243,True
2022-12-03,214,195,19,33.0,162.0,196.0,214,True
2022-12-04,41,35,6,40.0,155.0,192.0,41,True
2022-12-05,195,174,21,32.0,136.0,220.0,195,True
2022-12-06,205,179,26,35.0,138.0,220.0,205,True
2022-12-07,279,247,32,28.0,130.0,244.0,279,True
2022-12-08,210,176,34,41.0,136.0,311.0,210,True
2022-12-09,180,160,20,28.0,140.0,239.0,180,True
2022-12-10,160,151,9,22.0,128.0,442.0,160,True
2022-12-11,34,28,6,13.0,150.0,62.0,34,True
2022-12-12,231,210,21,23.0,128.0,189.0,231,True
2022-12-13,178,172,6,25.0,135.0,172.0,178,True
2022-12-14,202,169,33,34.0,150.0,461.0,202,True
2022-12-15,742,616,126,57.0,115.0,348.0,742,True
2022-12-16,307,270,37,42.0,125.0,606.0,307,True
2022-12-17,179,175,4,24.0,141.0,192.0,179,True
2022-12-18,45,45,0,16.0,131.0,201.0,45,True
2022-12-19,183,164,19,25.0,142.0,110.0,183,True
2022-12-20,207,200,7,22.0,139.0,127.0,207,True
2022-12-21,188,181,7,32.0,150.0,234.0,188,True
2022-12-22,187,177,10,28.0,142.0,330.0,187,True
2022-12-23,190,180,10,35.0,135.0,204.0,190,True
2022-12-24,129,116,13,34.0,145.0,166.0,129,True
2022-12-25,93,90,3,26.0,117.0,177.0,93,True
2022-12-26,335,292,43,37.0,137.0,385.0,335,True
2022-12-27,241,223,18,33.0,143.0,220.0,241,True
2022-12-28,240,222,18,34.0,144.0,172.0,240,True
2022-12-29,261,235,26,45.0,151.0,264.0,261,True
2022-12-30,241,223,18,32.0,137.0,202.0,241,True
2022-12-31,206,164,42,32.0,133.0,416.0,206,True
2023-01-01,30,27,3,32.0,154.0,157.0,30,True
2023-01-02,178,163,15,38.0,125.0,330.0,178,True
2023-01-03,165,144,21,41.0,145.0,220.0,165,True
2023-01-04,171,157,14,29.0,149.0,116.0,171,True
2023-01-05,156,146,10,30.0,138.0,190.0,156,True
2023-01-06,255,205,50,49.0,146.0,456.0,255,True
2023-01-07,192,186,6,24.0,134.0,114.0,192,True
2023-01-08,30,29,1,6.0,135.0,46.0,30,True
2023-01-09,321,290,31,31.0,141.0,242.0,321,True
2023-01-10,214,195,19,34.0,141.0,385.0,214,True
2023-01-11,215,169,46,45.0,138.0,435.0,215,True
2023-01-12,131,124,7,22.0,137.0,135.0,131,True
2023-01-13,135,129,6,24.0,132.0,208.0,135,True
2023-01-14,124,121,3,27.0,139.0,199.0,124,True
2023-01-15,47,43,4,37.0,138.0,196.0,47,True
2023-01-16,199,186,13,28.0,138.0,147.0,199,True
2023-01-17,160,146,14,31.0,144.0,220.0,160,True
2023-01-18,165,151,14,28.0,133.0,293.0,165,True
2023-01-19,181,160,21,35.0,159.0,281.0,181,True
2023-01-20,155,128,27,35.0,143.0,338.0,155,True
2023-01-21,120,106,14,33.0,145.0,272.0,120,True
2023-01-22,31,28,3,40.0,160.0,192.0,31,True
2023-01-23,140,134,6,31.0,143.0,170.0,140,True
2023-01-24,174,154,20,27.0,144.0,388.0,174,True
2023-01-25,160,156,4,27.0,135.0,107.0,160,True
2023-01-26,178,169,9,29.0,151.0,220.0,178,True
2023-01-27,188,180,8,26.0,142.0,356.0,188,True
2023-01-28,148,138,10,26.0,144.0,319.0,148,True
2023-01-29,35,35,0,8.0,130.0,47.0,35,True
2023-01-30,210,194,16,35.0,146.0,266.0,210,True
2023-01-31,163,155,8,19.0,137.0,223.0,163,True
2023-02-01,153,143,10,22.0,148.0,221.0,153,True
2023-02-02,133,125,8,26.0,127.0,232.0,133,True
2023-02-03,133,131,2,12.0,139.0,79.0,133,True
2023-02-04,130,121,9,33.0,157.0,241.0,130,True
2023-02-05,37,35,2,19.0,141.0,92.0,37,True
2023-02-06,56,54,2,13.0,153.0,133.0,56,True
2023-02-07,216,210,6,12.0,94.0,102.0,216,True
2023-02-08,50,46,4,14.0,162.0,73.0,50,True
2023-02-09,137,129,8,22.0,146.0,150.0,137,True
2023-02-10,163,142,21,35.0,154.0,190.0,163,True
2023-02-11,135,115,20,36.0,147.0,275.0,135,True
2023-02-12,30,28,2,47.0,156.0,142.0,30,True
2023-02-13,152,140,12,29.0,152.0,131.0,152,True
2023-02-14,163,144,19,46.0,159.0,265.0,163,True
2023-02-15,134,122,12,37.0,158.0,231.0,134,True
2023-02-16,163,151,12,28.0,127.0,170.0,163,True
2023-02-17,157,149,8,22.0,148.0,251.0,157,True
2023-02-18,138,128,10,31.0,150.0,304.0,138,True
2023-02-19,28,25,3,60.0,167.0,286.0,28,True
2023-02-20,142,133,9,33.0,162.0,278.0,142,True
2023-02-21,131,123,8,32.0,160.0,140.0,131,True
2023-02-22,162,155,7,27.0,163.0,163.0,162,True
2023-02-23,140,132,8,28.0,160.0,111.0,140,True
2023-02-24,174,130,44,29.0,154.0,716.0,174,True
2023-02-25,141,122,19,35.0,169.0,330.0,141,True
2023-02-26,47,44,3,26.0,191.0,209.0,47,True
2023-02-27,234,206,28,38.0,154.0,275.0,234,True
2023-02-28,181,153,28,30.0,173.0,268.0,181,True
2023-03-01,161,149,12,33.0,160.0,272.0,161,True
2023-03-02,154,135,19,36.0,152.0,281.0,154,True
2023-03-03,140,126,14,34.0,137.0,250.0,140,True
2023-03-04,118,118,0,26.0,153.0,98.0,118,True
2023-03-05,22,21,1,42.0,144.0,176.0,22,True
2023-03-06,181,156,25,42.0,159.0,196.0,181,True
2023-03-07,157,147,10,29.0,151.0,221.0,157,True
2023-03-08,123,121,2,26.0,148.0,209.0,123,True
2023-03-09,131,125,6,26.0,149.0,208.0,131,True
2023-03-10,142,134,8,39.0,153.0,188.0,142,True
2023-03-11,122,113,9,38.0,158.0,258.0,122,True
2023-03-12,35,31,4,34.0,125.0,269.0,35,True
2023-03-13,242,226,16,36.0,135.0,246.0,242,True
2023-03-14,132,118,14,32.0,143.0,220.0,132,True
2023-03-15,142,130,12,29.0,151.0,455.0,142,True
2023-03-16,135,111,24,38.0,196.0,599.0,135,True
2023-03-17,74,74,0,13.0,175.0,113.0,74,True
2023-03-18,24,24,0,12.0,167.0,57.0,24,True
2023-03-19,11,10,1,13.0,144.0,55.0,11,True
2023-03-20,28,26,2,10.0,150.0,86.0,28,True
2023-03-21,43,43,0,8.0,143.0,52.0,43,True
2023-03-22,62,62,0,17.0,132.0,86.0,62,True
2023-03-23,70,69,1,22.0,126.0,520.0,70,True
2023-03-24,109,97,12,21.0,146.0,160.0,109,True
2023-03-25,92,85,7,30.0,147.0,349.0,92,True
2023-03-26,25,25,0,11.0,160.0,55.0,25,True
2023-03-27,86,79,7,24.0,151.0,187.0,86,True
2023-03-28,92,83,9,26.0,157.0,220.0,92,True
2023-03-29,48,46,2,11.0,133.0,82.0,48,True
2023-03-30,14,11,3,18.0,147.0,165.0,14,True
2023-03-31,43,42,1,22.0,167.0,195.0,43,True
2023-04-01,75,69,6,23.0,151.0,288.0,75,True
2023-04-02,33,33,0,14.0,145.0,89.0,33,True
2023-04-03,126,112,14,26.0,156.0,330.0,126,True
2023-04-04,130,126,4,25.0,150.0,178.0,130,True
2023-04-05,139,139,0,18.0,160.0,183.0,139,True
2023-04-06,139,130,9,26.0,147.0,112.0,139,True
2023-04-07,126,119,7,22.0,149.0,220.0,126,True
2023-04-08,98,96,2,20.0,156.0,173.0,98,True
2023-04-09,12,12,0,18.0,187.0,96.0,12,True
2023-04-10,119,117,2,18.0,159.0,163.0,119,True
2023-04-11,100,96,4,21.0,157.0,165.0,100,True
2023-04-12,148,133,15,31.0,150.0,220.0,148,True
2023-04-13,131,127,4,22.0,145.0,148.0,131,True
2023-04-14,107,104,3,8.0,147.0,96.0,107,True
2023-04-15,113,105,8,24.0,158.0,268.0,113,True
2023-04-16,21,21,0,32.0,151.0,85.0,21,True
2023-04-17,129,104,25,37.0,164.0,165.0,129,True
2023-04-18,35,34,1,24.0,132.0,136.0,35,True
2023-04-19,123,109,14,38.0,152.0,321.0,123,True
2023-04-20,137,122,15,32.0,154.0,188.0,137,True
2023-04-21,117,114,3,22.0,158.0,147.0,117,True
2023-04-22,117,97,20,39.0,170.0,496.0,117,True
2023-04-23,50,49,1,35.0,175.0,142.0,50,True
2023-04-24,208,198,10,16.0,163.0,231.0,208,True
2023-04-25,190,183,7,21.0,151.0,238.0,190,True
2023-04-26,163,156,7,24.0,142.0,128.0,163,True
2023-04-27,179,165,14,26.0,151.0,230.0,179,True
2023-04-28,179,167,12,23.0,155.0,165.0,179,True
2023-04-29,168,134,34,38.0,162.0,436.0,168,True
2023-04-30,24,20,4,26.0,203.0,136.0,24,True
2023-05-01,147,139,8,18.0,154.0,381.0,147,True
2023-05-02,143,141,2,22.0,165.0,165.0,143,True
2023-05-03,134,122,12,31.0,148.0,276.0,134,True
2023-05-04,138,130,8,26.0,145.0,126.0,138,True
2023-05-05,113,104,9,43.0,157.0,247.0,113,True
2023-05-06,113,91,22,50.0,158.0,312.0,113,True
2023-05-07,24,22,2,32.0,134.0,286.0,24,True
2023-05-08,170,154,16,36.0,164.0,232.0,170,True
2023-05-09,152,116,36,42.0,148.0,900.0,152,True
2023-05-10,101,95,6,31.0,158.0,173.0,101,True
2023-05-11,146,131,15,26.0,147.0,157.0,146,True
2023-05-12,111,104,7,24.0,146.0,142.0,111,True
2023-05-13,129,111,18,31.0,158.0,276.0,129,True
2023-05-14,24,24,0,48.0,174.0,284.0,24,True
2023-05-15,129,122,7,35.0,179.0,162.0,129,True
2023-05-16,186,176,10,27.0,143.0,305.0,186,True
2023-05-17,140,114,26,57.0,145.0,331.0,140,True
2023-05-18,132,116,16,44.0,161.0,360.0,132,True
2023-05-19,103,101,2,18.0,162.0,143.0,103,True
2023-05-20,101,89,12,20.0,147.0,90.0,101,True
2023-05-21,26,24,2,23.0,120.0,113.0,26,True
2023-05-22,95,94,1,21.0,151.0,214.0,95,True
2023-05-23,137,131,6,17.0,149.0,141.0,137,True
2023-05-24,37,34,3,41.0,131.0,346.0,37,True
2023-05-25,106,100,6,22.0,150.0,132.0,106,True
2023-05-26,101,92,9,30.0,147.0,275.0,101,True
2023-05-27,117,103,14,44.0,166.0,275.0,117,True
2023-05-28,38,36,2,39.0,176.0,174.0,38,True
2023-05-29,110,95,15,26.0,169.0,166.0,110,True
2023-05-30,125,118,7,23.0,151.0,181.0,125,True
2023-05-31,98,92,6,25.0,156.0,143.0,98,True
2023-06-01,118,108,10,37.0,106.0,243.0,118,True
2023-06-02,34,31,3,27.0,157.0,152.0,34,True
2023-06-03,53,50,3,28.0,131.0,196.0,53,True
2023-06-04,30,23,7,42.0,167.0,220.0,30,True
2023-06-05,122,107,15,34.0,159.0,201.0,122,True
2023-06-06,108,100,8,33.0,153.0,128.0,108,True
2023-06-07,175,159,16,47.0,164.0,330.0,175,True
2023-06-08,264,213,51,44.0,165.0,318.0,264,True
2023-06-09,204,174,30,36.0,155.0,275.0,204,True
2023-06-10,184,170,14,40.0,164.0,207.0,184,True
2023-06-11,42,41,1,42.0,173.0,220.0,42,True
2023-06-12,183,168,15,34.0,155.0,163.0,183,True
2023-06-13,161,147,14,30.0,156.0,279.0,161,True
2023-06-14,143,134,9,26.0,170.0,110.0,143,True
2023-06-15,200,163,37,30.0,158.0,331.0,200,True
2023-06-16,240,210,30,38.0,173.0,275.0,240,True
2023-06-17,211,180,31,51.0,167.0,423.0,211,True
2023-06-18,60,47,13,48.0,156.0,275.0,60,True
2023-06-19,215,194,21,38.0,153.0,261.0,215,True
2023-06-20,235,214,21,34.0,156.0,330.0,235,True
2023-06-21,352,327,25,32.0,148.0,440.0,352,True
2023-06-22,169,156,13,32.0,163.0,177.0,169,True
2023-06-23,169,157,12,27.0,177.0,319.0,169,True
2023-06-24,167,161,6,21.0,165.0,92.0,167,True
2023-06-25,32,28,4,22.0,163.0,455.0,32,True
2023-06-26,52,49,3,32.0,178.0,182.0,52,True
2023-06-27,155,149,6,26.0,172.0,110.0,155,True
2023-06-28,224,218,6,18.0,127.0,120.0,224,True
2023-06-29,172,157,15,17.0,184.0,385.0,172,True
2023-06-30,147,133,14,26.0,176.0,219.0,147,True
2023-07-01,145,138,7,17.0,173.0,165.0,145,True
2023-07-02,16,15,1,17.0,180.0,165.0,16,True
2023-07-03,135,131,4,20.0,157.0,120.0,135,True
2023-07-04,137,133,4,24.0,169.0,166.0,137,True
2023-07-05,150,144,6,17.0,159.0,122.0,150,True
2023-07-06,157,143,14,16.0,161.0,385.0,157,True
2023-07-07,129,121,8,19.0,175.0,275.0,129,True
2023-07-08,135,125,10,21.0,158.0,198.0,135,True
2023-07-09,21,21,0,23.0,157.0,170.0,21,True
2023-07-10,152,138,14,30.0,172.0,256.0,152,True
2023-07-11,164,158,6,14.0,148.0,121.0,164,True
2023-07-12,161,151,10,12.0,159.0,177.0,161,True
2023-07-13,133,125,8,30.0,166.0,227.0,133,True
2023-07-14,132,126,6,17.0,167.0,155.0,132,True
2023-07-15,160,146,14,21.0,162.0,220.0,160,True
2023-07-16,19,16,3,51.0,166.0,254.0,19,True
2023-07-17,155,128,27,52.0,150.0,338.0,155,True
2023-07-18,141,128,13,32.0,164.0,214.0,141,True
2023-07-19,172,135,37,41.0,160.0,309.0,172,True
2023-07-20,270,196,74,70.0,150.0,471.0,270,True
2023-07-21,208,176,32,40.0,150.0,549.0,208,True
2023-07-22,186,162,24,25.0,168.0,220.0,186,True
2023-07-23,18,17,1,55.0,241.0,346.0,18,True
2023-07-24,224,170,54,55.0,169.0,446.0,224,True
2023-07-25,210,203,7,25.0,162.0,220.0,210,True
2023-07-26,141,134,7,20.0,179.0,201.0,141,True
2023-07-27,126,110,16,15.0,176.0,496.0,126,True
2023-07-28,182,163,19,23.0,164.0,257.0,182,True
2023-07-29,163,161,2,10.0,160.0,111.0,163,True
2023-07-30,27,27,0,5.0,168.0,19.0,27,True
2023-07-31,183,175,8,19.0,158.0,188.0,183,True
2023-08-01,165,159,6,11.0,143.0,388.0,165,True
2023-08-02,160,159,1,5.0,160.0,58.0,160,True
2023-08-03,177,155,22,16.0,161.0,399.0,177,True
2023-08-04,236,230,6,5.0,147.0,110.0,236,True
2023-08-05,175,174,1,4.0,146.0,113.0,175,True
2023-08-06,25,25,0,4.0,195.0,55.0,25,True
2023-08-07,170,167,3,6.0,155.0,220.0,170,True
2023-08-08,190,168,22,26.0,140.0,289.0,190,True
2023-08-09,53,51,2,6.0,149.0,110.0,53,True
2023-08-10,121,117,4,13.0,156.0,161.0,121,True
2023-08-11,143,139,4,5.0,146.0,116.0,143,True
2023-08-12,100,96,4,6.0,148.0,110.0,100,True
2023-08-13,17,17,0,8.0,175.0,59.0,17,True
2023-08-14,113,110,3,8.0,153.0,78.0,113,True
2023-08-15,141,128,13,13.0,158.0,220.0,141,True
2023-08-16,135,134,1,4.0,154.0,110.0,135,True
2023-08-17,29,29,0,15.0,193.0,89.0,29,True
2023-08-18,120,116,4,5.0,163.0,165.0,120,True
2023-08-19,116,108,8,9.0,170.0,265.0,116,True
2023-08-20,14,14,0,14.0,137.0,74.0,14,True
2023-08-21,107,104,3,7.0,149.0,58.0,107,True
2023-08-22,138,128,10,10.0,150.0,123.0,138,True
2023-08-23,106,105,1,11.0,167.0,113.0,106,True
2023-08-24,117,108,9,19.0,146.0,153.0,117,True
2023-08-25,120,117,3,9.0,157.0,65.0,120,True
2023-08-26,123,121,2,7.0,147.0,115.0,123,True
2023-08-27,31,31,0,3.0,138.0,3.0,31,True
2023-08-28,140,139,1,8.0,159.0,71.0,140,True
2023-08-29,169,161,8,18.0,144.0,144.0,169,True
2023-08-30,146,144,2,6.0,158.0,58.0,146,True
2023-08-31,110,106,4,15.0,170.0,150.0,110,True
2023-09-01,343,333,10,15.0,130.0,159.0,343,True
2023-09-02,191,183,8,16.0,152.0,119.0,191,True
2023-09-03,25,24,1,6.0,142.0,48.0,25,True
2023-09-04,170,162,8,9.0,151.0,276.0,170,True
2023-09-05,130,129,1,11.0,150.0,112.0,130,True
2023-09-06,22,20,2,9.0,195.0,110.0,22,True
2023-09-07,5,5,0,28.0,145.0,74.0,5,True
2023-09-08,119,115,4,11.0,148.0,110.0,119,True
2023-09-09,140,138,2,9.0,137.0,131.0,140,True
2023-09-10,22,22,0,6.0,141.0,48.0,22,True
2023-09-11,126,124,2,8.0,155.0,58.0,126,True
2023-09-12,124,111,13,13.0,163.0,133.0,124,True
2023-09-13,114,108,6,13.0,151.0,87.0,114,True
2023-09-14,121,109,12,17.0,156.0,315.0,121,True
2023-09-15,137,119,18,24.0,166.0,165.0,137,True
2023-09-16,101,97,4,16.0,153.0,98.0,101,True
2023-09-17,20,20,0,4.0,144.0,18.0,20,True
2023-09-18,170,162,8,17.0,152.0,331.0,170,True
2023-09-19,137,133,4,29.0,157.0,162.0,137,True
2023-09-20,134,127,7,18.0,159.0,276.0,134,True
2023-09-21,185,179,6,10.0,123.0,164.0,185,True
2023-09-22,147,135,12,21.0,155.0,190.0,147,True
2023-09-23,115,108,7,14.0,151.0,153.0,115,True
2023-09-24,24,23,1,5.0,132.0,55.0,24,True
2023-09-25,144,136,8,9.0,152.0,330.0,144,True
2023-09-26,120,114,6,8.0,142.0,79.0,120,True
2023-09-27,124,118,6,21.0,166.0,164.0,124,True
2023-09-28,145,141,4,14.0,156.0,110.0,145,True
2023-09-29,108,106,2,26.0,170.0,297.0,108,True
2023-09-30,128,125,3,13.0,165.0,102.0,128,True
2023-10-01,27,26,1,20.0,171.0,160.0,27,True
2023-10-02,155,151,4,11.0,152.0,138.0,155,True
2023-10-03,117,110,7,18.0,143.0,167.0,117,True
2023-10-04,118,111,7,18.0,163.0,126.0,118,True
2023-10-05,114,105,9,31.0,157.0,220.0,114,True
2023-10-06,108,101,7,23.0,164.0,191.0,108,True
2023-10-07,147,141,6,25.0,142.0,166.0,147,True
2023-10-08,29,26,3,9.0,157.0,110.0,29,True
2023-10-09,231,228,3,15.0,129.0,206.0,231,True
2023-10-10,243,215,28,23.0,156.0,275.0,243,True
2023-10-11,178,154,24,29.0,160.0,308.0,178,True
2023-10-12,169,163,6,21.0,169.0,165.0,169,True
2023-10-13,136,128,8,18.0,156.0,330.0,136,True
2023-10-14,123,113,10,30.0,169.0,220.0,123,True
2023-10-15,13,12,1,24.0,165.0,72.0,13,True
2023-10-16,20,18,2,23.0,163.0,164.0,20,True
2023-10-17,154,141,13,22.0,161.0,269.0,154,True
2023-10-18,132,131,1,12.0,159.0,120.0,132,True
2023-10-19,181,171,10,21.0,171.0,159.0,181,True
2023-10-20,193,189,4,13.0,155.0,146.0,193,True
2023-10-21,246,236,10,13.0,164.0,140.0,246,True
2023-10-22,35,34,1,11.0,131.0,104.0,35,True
2023-10-23,199,190,9,12.0,158.0,82.0,199,True
2023-10-24,47,47,0,6.0,129.0,57.0,47,True
2023-10-25,187,186,1,7.0,150.0,165.0,187,True
2023-10-26,57,54,3,7.0,157.0,55.0,57,True
2023-10-27,170,162,8,9.0,159.0,110.0,170,True
2023-10-28,341,316,25,23.0,133.0,317.0,341,True
2023-10-29,44,43,1,9.0,155.0,110.0,44,True
2023-10-30,210,206,4,12.0,159.0,152.0,210,True
2023-10-31,190,186,4,17.0,142.0,293.0,190,True
2023-11-01,191,182,9,10.0,160.0,98.0,191,True
2023-11-02,169,168,1,11.0,145.0,108.0,169,True
2023-11-03,52,50,2,6.0,154.0,58.0,52,True
2023-11-04,145,137,8,14.0,156.0,176.0,145,True
2023-11-05,36,36,0,15.0,173.0,101.0,36,True
2023-11-06,156,148,8,14.0,146.0,203.0,156,True
2023-11-07,160,154,6,16.0,161.0,132.0,160,True
2023-11-08,116,110,6,14.0,148.0,137.0,116,True
2023-11-09,188,173,15,19.0,159.0,164.0,188,True
2023-11-10,169,157,12,23.0,152.0,169.0,169,True
2023-11-11,146,142,4,22.0,162.0,119.0,146,True
2023-11-12,43,31,12,39.0,223.0,220.0,43,True
2023-11-13,205,85,120,109.0,166.0,661.0,205,True
2023-11-14,162,83,79,98.0,138.0,606.0,162,True
2023-11-15,193,115,78,64.0,153.0,770.0,193,True
2023-11-16,178,144,34,38.0,180.0,332.0,178,True
2023-11-17,179,158,21,20.0,153.0,315.0,179,True
2023-11-18,152,120,32,46.0,159.0,256.0,152,True
2023-11-19,85,77,8,17.0,127.0,270.0,85,True
2023-11-20,374,78,296,193.0,181.0,1047.0,374,True
2023-11-21,508,103,405,244.0,163.0,938.0,508,True
2023-11-22,606,116,490,308.0,188.0,1376.0,606,True
2023-11-23,691,201,490,193.0,172.0,1155.0,691,True
2023-11-24,456,282,174,62.0,169.0,882.0,456,True
2023-11-25,387,331,56,43.0,157.0,330.0,387,True
2023-11-26,82,67,15,38.0,192.0,330.0,82,True
2023-11-27,363,320,43,34.0,172.0,330.0,363,True
2023-11-28,419,355,64,44.0,175.0,261.0,419,True
2023-11-29,362,302,60,41.0,183.0,349.0,362,True
2023-11-30,290,239,51,39.0,186.0,506.0,290,True
2023-12-01,436,390,46,38.0,161.0,220.0,436,True
2023-12-02,315,285,30,33.0,165.0,252.0,315,True
2023-12-03,103,94,9,29.0,160.0,168.0,103,True
2023-12-04,342,297,45,39.0,153.0,222.0,342,True
2023-12-05,317,291,26,26.0,145.0,222.0,317,True
2023-12-06,253,240,13,24.0,162.0,165.0,253,True
2023-12-07,192,176,16,24.0,151.0,233.0,192,True
2023-12-08,191,170,21,34.0,169.0,385.0,191,True
2023-12-09,167,160,7,15.0,160.0,165.0,167,True
2023-12-10,74,68,6,15.0,133.0,148.0,74,True
2023-12-11,172,159,13,20.0,160.0,291.0,172,True
2023-12-12,189,181,8,23.0,159.0,181.0,189,True
2023-12-13,314,262,52,44.0,168.0,457.0,314,True
2023-12-14,204,185,19,23.0,158.0,166.0,204,True
2023-12-15,188,184,4,17.0,156.0,142.0,188,True
2023-12-16,151,131,20,31.0,171.0,216.0,151,True
2023-12-17,21,17,4,52.0,209.0,660.0,21,True
2023-12-18,151,129,22,40.0,181.0,416.0,151,True
2023-12-19,169,154,15,17.0,163.0,169.0,169,True
2023-12-20,171,158,13,16.0,156.0,104.0,171,True
2023-12-21,177,163,14,22.0,157.0,138.0,177,True
2023-12-22,195,183,12,16.0,169.0,168.0,195,True
2023-12-23,156,144,12,20.0,161.0,174.0,156,True
2023-12-24,35,34,1,14.0,186.0,58.0,35,True
2023-12-25,174,161,13,20.0,168.0,152.0,174,True
2023-12-26,197,182,15,24.0,171.0,190.0,197,True
2023-12-27,164,157,7,17.0,166.0,333.0,164,True
2023-12-28,135,126,9,30.0,178.0,299.0,135,True
2023-12-29,161,142,19,25.0,165.0,176.0,161,True
2023-12-30,164,144,20,34.0,169.0,300.0,164,True
2023-12-31,36,34,2,20.0,125.0,117.0,36,True
2024-01-01,149,136,13,17.0,175.0,195.0,149,True
2024-01-02,131,130,1,18.0,167.0,198.0,131,True
2024-01-03,129,120,9,22.0,167.0,114.0,129,True
2024-01-04,139,119,20,26.0,172.0,275.0,139,True
2024-01-05,228,209,19,19.0,149.0,246.0,228,True
2024-01-06,170,151,19,19.0,147.0,164.0,170,True
2024-01-07,48,46,2,16.0,146.0,158.0,48,True
2024-01-08,237,204,33,32.0,142.0,236.0,237,True
2024-01-09,200,187,13,27.0,168.0,193.0,200,True
2024-01-10,172,163,9,19.0,161.0,168.0,172,True
2024-01-11,181,173,8,31.0,169.0,493.0,181,True
2024-01-12,195,175,20,26.0,181.0,220.0,195,True
2024-01-13,196,180,16,25.0,170.0,243.0,196,True
2024-01-14,39,27,12,35.0,173.0,178.0,39,True
2024-01-15,182,169,13,23.0,164.0,125.0,182,True
2024-01-16,216,198,18,16.0,167.0,381.0,216,True
2024-01-17,253,239,14,21.0,138.0,168.0,253,True
2024-01-18,202,189,13,19.0,173.0,276.0,202,True
2024-01-19,215,205,10,25.0,168.0,437.0,215,True
2024-01-20,191,154,37,47.0,176.0,196.0,191,True
2024-01-21,49,46,3,38.0,141.0,136.0,49,True
2024-01-22,194,185,9,21.0,171.0,237.0,194,True
2024-01-23,197,184,13,22.0,159.0,158.0,197,True
2024-01-24,214,195,19,34.0,171.0,271.0,214,True
2024-01-25,202,190,12,15.0,176.0,186.0,202,True
2024-01-26,48,47,1,15.0,193.0,178.0,48,True
2024-01-27,165,159,6,20.0,171.0,287.0,165,True
2024-01-28,43,42,1,14.0,152.0,154.0,43,True
2024-01-29,238,223,15,26.0,166.0,218.0,238,True
2024-01-30,271,262,9,15.0,156.0,128.0,271,True
2024-01-31,312,262,50,34.0,176.0,421.0,312,True
2024-02-01,289,270,19,20.0,168.0,186.0,289,True
2024-02-02,323,284,39,30.0,168.0,496.0,323,True
2024-02-03,486,396,90,59.0,161.0,329.0,486,True
2024-02-04,48,44,4,29.0,151.0,187.0,48,True
2024-02-05,386,317,69,43.0,172.0,306.0,386,True
2024-02-06,330,309,21,22.0,168.0,226.0,330,True
2024-02-07,376,316,60,37.0,164.0,311.0,376,True
2024-02-08,124,105,19,47.0,180.0,521.0,124,True
2024-02-09,291,266,25,34.0,186.0,248.0,291,True
2024-02-10,302,277,25,39.0,188.0,215.0,302,True
2024-02-11,72,56,16,46.0,203.0,308.0,72,True
2024-02-12,293,255,38,40.0,210.0,249.0,293,True
2024-02-13,305,259,46,30.0,194.0,435.0,305,True
2024-02-14,353,317,36,30.0,191.0,352.0,353,True
2024-02-15,425,356,69,43.0,207.0,932.0,425,True
2024-02-16,414,362,52,37.0,182.0,317.0,414,True
2024-02-17,374,322,52,35.0,183.0,672.0,374,True
2024-02-18,68,64,4,14.0,178.0,124.0,68,True
2024-02-19,356,320,36,37.0,193.0,339.0,356,True
2024-02-20,454,352,102,52.0,181.0,573.0,454,True
2024-02-21,493,438,55,45.0,177.0,347.0,493,True
2024-02-22,412,368,44,35.0,189.0,341.0,412,True
2024-02-23,610,368,242,71.0,204.0,1551.0,610,True
2024-02-24,432,384,48,49.0,194.0,536.0,432,True
2024-02-25,60,57,3,32.0,199.0,180.0,60,True
2024-02-26,508,442,66,48.0,96.0,645.0,508,True
2024-02-27,439,378,61,37.0,125.0,655.0,439,True
2024-02-28,521,388,133,54.0,135.0,1019.0,521,True
2024-02-29,525,434,91,48.0,209.0,621.0,525,True
2024-03-01,567,458,109,73.0,215.0,552.0,567,True
2024-03-02,619,444,175,83.0,214.0,538.0,619,True
2024-03-03,140,120,20,58.0,191.0,322.0,140,True
2024-03-04,622,476,146,58.0,219.0,525.0,622,True
2024-03-05,241,180,61,64.0,213.0,547.0,241,True
2024-03-06,796,362,434,121.0,235.0,738.0,796,True
2024-03-07,805,367,438,168.0,172.0,998.0,805,True
2024-03-08,638,301,337,161.0,253.0,1302.0,638,True
2024-03-09,676,344,332,127.0,209.0,744.0,676,True
2024-03-10,118,106,12,34.0,263.0,284.0,118,True
2024-03-11,579,300,279,132.0,243.0,744.0,579,True
2024-03-12,434,322,112,64.0,214.0,372.0,434,True
2024-03-13,446,259,187,130.0,237.0,818.0,446,True
2024-03-14,461,289,172,102.0,208.0,792.0,461,True
2024-03-15,488,284,204,113.0,214.0,1162.0,488,True
2024-03-16,253,195,58,85.0,231.0,682.0,253,True
2024-03-17,51,48,3,14.0,206.0,201.0,51,True
2024-03-18,207,176,31,24.0,222.0,328.0,207,True
2024-03-19,130,118,12,30.0,222.0,473.0,130,True
2024-03-20,102,100,2,14.0,212.0,189.0,102,True
2024-03-21,207,169,38,32.0,205.0,372.0,207,True
2024-03-22,274,195,79,61.0,207.0,475.0,274,True
2024-03-23,206,173,33,41.0,195.0,410.0,206,True
2024-03-24,64,61,3,9.0,195.0,143.0,64,True
2024-03-25,206,168,38,51.0,203.0,406.0,206,True
2024-03-26,160,148,12,30.0,197.0,248.0,160,True
2024-03-27,177,155,22,26.0,181.0,310.0,177,True
2024-03-28,67,64,3,26.0,211.0,298.0,67,True
2024-03-29,24,23,1,23.0,170.0,121.0,24,True
2024-03-30,108,92,16,44.0,183.0,304.0,108,True
2024-03-31,52,50,2,11.0,199.0,84.0,52,True
2024-04-01,227,203,24,31.0,198.0,251.0,227,True
2024-04-02,282,233,49,48.0,207.0,310.0,282,True
2024-04-03,283,263,20,23.0,193.0,230.0,283,True
2024-04-04,547,468,79,30.0,166.0,279.0,547,True
2024-04-05,318,300,18,24.0,191.0,170.0,318,True
2024-04-06,123,113,10,20.0,178.0,139.0,123,True
2024-04-07,63,60,3,21.0,171.0,172.0,63,True
2024-04-08,408,368,40,32.0,187.0,186.0,408,True
2024-04-09,421,370,51,29.0,190.0,202.0,421,True
2024-04-10,397,346,51,36.0,201.0,310.0,397,True
2024-04-11,532,308,224,91.0,205.0,995.0,532,True
2024-04-12,786,340,446,120.0,206.0,985.0,786,True
2024-04-13,1148,602,546,104.0,153.0,744.0,1148,True
2024-04-14,679,321,358,162.0,193.0,994.0,679,True
2024-04-15,1715,871,844,92.0,153.0,1365.0,1715,True
2024-04-16,1463,775,688,106.0,190.0,953.0,1463,True
2024-04-17,1108,454,654,168.0,194.0,804.0,1108,True
2024-04-18,1052,547,505,146.0,198.0,853.0,1052,True
2024-04-19,1188,453,735,304.0,219.0,1357.0,1188,True
2024-04-20,819,633,186,73.0,203.0,746.0,819,True
2024-04-21,259,213,46,53.0,211.0,497.0,259,True
2024-04-22,885,625,260,71.0,190.0,868.0,885,True
2024-04-23,872,722,150,54.0,184.0,485.0,872,True
2024-04-24,837,615,222,67.0,205.0,444.0,837,True
2024-04-25,1155,823,332,68.0,198.0,931.0,1155,True
2024-04-26,1308,909,399,83.0,184.0,671.0,1308,True
2024-04-27,786,460,326,91.0,192.0,629.0,786,True
2024-04-28,113,104,9,34.0,201.0,253.0,113,True
2024-04-29,491,434,57,41.0,181.0,661.0,491,True
2024-04-30,587,484,103,51.0,187.0,708.0,587,True
2024-05-01,508,398,110,50.0,197.0,1304.0,508,True
2024-05-02,492,311,181,71.0,197.0,530.0,492,True
2024-05-03,439,373,66,40.0,178.0,421.0,439,True
2024-05-04,409,312,97,62.0,196.0,496.0,409,True
2024-05-05,59,50,9,29.0,184.0,186.0,59,True
2024-05-06,323,279,44,40.0,178.0,211.0,323,True
2024-05-07,302,274,28,30.0,179.0,182.0,302,True
2024-05-08,314,275,39,40.0,176.0,414.0,314,True
2024-05-09,262,242,20,16.0,174.0,249.0,262,True
2024-05-10,478,391,87,55.0,211.0,313.0,478,True
2024-05-11,307,275,32,30.0,182.0,594.0,307,True
2024-05-12,47,45,2,12.0,161.0,157.0,47,True
2024-05-13,295,279,16,22.0,173.0,177.0,295,True
2024-05-14,249,225,24,18.0,175.0,251.0,249,True
2024-05-15,308,227,81,48.0,199.0,342.0,308,True
2024-05-16,206,196,10,20.0,186.0,310.0,206,True
2024-05-17,255,215,40,40.0,178.0,1491.0,255,True
2024-05-18,240,213,27,26.0,194.0,234.0,240,True
2024-05-19,39,39,0,14.0,150.0,147.0,39,True
2024-05-20,210,194,16,17.0,174.0,179.0,210,True
2024-05-21,39,38,1,4.0,141.0,62.0,39,True
2024-05-22,116,110,6,8.0,166.0,252.0,116,True
2024-05-23,344,308,36,27.0,170.0,251.0,344,True
2024-05-24,420,320,100,45.0,178.0,713.0,420,True
2024-05-25,444,393,51,26.0,171.0,373.0,444,True
2024-05-26,73,72,1,7.0,166.0,103.0,73,True
2024-05-27,526,492,34,17.0,165.0,203.0,526,True
2024-05-28,664,564,100,27.0,166.0,325.0,664,True
2024-05-29,756,592,164,55.0,173.0,449.0,756,True
2024-05-30,1291,718,573,112.0,189.0,666.0,1291,True
2024-05-31,458,323,135,44.0,182.0,372.0,458,True
2024-06-01,193,178,15,16.0,171.0,248.0,193,True
2024-06-02,68,68,0,5.0,176.0,99.0,68,True
2024-06-03,511,429,82,34.0,189.0,252.0,511,True
2024-06-04,363,329,34,21.0,183.0,135.0,363,True
2024-06-05,347,302,45,24.0,170.0,310.0,347,True
2024-06-06,325,306,19,16.0,159.0,377.0,325,True
2024-06-07,298,282,16,18.0,157.0,165.0,298,True
2024-06-08,270,234,36,20.0,154.0,294.0,270,True
2024-06-09,52,51,1,6.0,156.0,65.0,52,True
2024-06-10,266,264,2,9.0,159.0,121.0,266,True
2024-06-11,242,238,4,9.0,165.0,150.0,242,True
2024-06-12,243,228,15,19.0,168.0,368.0,243,True
2024-06-13,281,269,12,8.0,163.0,187.0,281,True
2024-06-14,73,72,1,8.0,184.0,130.0,73,True
2024-06-15,227,218,9,8.0,174.0,167.0,227,True
2024-06-16,43,42,1,11.0,158.0,77.0,43,True
2024-06-17,322,255,67,45.0,175.0,290.0,322,True
2024-06-18,259,210,49,26.0,174.0,558.0,259,True
2024-06-19,344,313,31,12.0,122.0,401.0,344,True
2024-06-20,335,261,74,41.0,177.0,567.0,335,True
2024-06-21,293,265,28,11.0,180.0,342.0,293,True
2024-06-22,315,281,34,15.0,161.0,177.0,315,True
2024-06-23,33,31,2,14.0,173.0,127.0,33,True
2024-06-24,351,318,33,12.0,156.0,212.0,351,True
2024-06-25,333,285,48,32.0,165.0,579.0,333,True
2024-06-26,651,504,147,37.0,200.0,1182.0,651,True
2024-06-27,959,631,328,83.0,222.0,724.0,959,True
2024-06-28,1247,610,637,106.0,192.0,1551.0,1247,True
2024-06-29,933,511,422,127.0,183.0,943.0,933,True
2024-06-30,64,56,8,16.0,151.0,248.0,64,True
2024-07-01,590,487,103,56.0,165.0,343.0,590,True
2024-07-02,404,323,81,46.0,188.0,496.0,404,True
2024-07-03,560,355,205,89.0,230.0,1127.0,560,True
2024-07-04,349,309,40,39.0,204.0,310.0,349,True
2024-07-05,412,346,66,41.0,193.0,310.0,412,True
2024-07-06,289,239,50,41.0,187.0,200.0,289,True
2024-07-07,47,39,8,11.0,189.0,249.0,47,True
2024-07-08,363,323,40,32.0,188.0,434.0,363,True
2024-07-09,285,255,30,34.0,182.0,211.0,285,True
2024-07-10,260,247,13,25.0,177.0,252.0,260,True
2024-07-11,287,255,32,18.0,167.0,249.0,287,True
2024-07-12,255,240,15,18.0,161.0,371.0,255,True
2024-07-13,272,232,40,37.0,169.0,371.0,272,True
2024-07-14,30,29,1,10.0,201.0,49.0,30,True
2024-07-15,263,230,33,33.0,181.0,254.0,263,True
2024-07-16,295,282,13,23.0,159.0,158.0,295,True
2024-07-17,384,341,43,20.0,141.0,189.0,384,True
2024-07-18,198,182,16,28.0,157.0,174.0,198,True
2024-07-19,195,173,22,33.0,164.0,399.0,195,True
2024-07-20,186,178,8,17.0,166.0,189.0,186,True
2024-07-21,27,25,2,18.0,129.0,187.0,27,True
2024-07-22,223,214,9,18.0,177.0,372.0,223,True
2024-07-23,220,198,22,9.0,163.0,177.0,220,True
2024-07-24,205,197,8,17.0,160.0,230.0,205,True
2024-07-25,193,181,12,12.0,166.0,284.0,193,True
2024-07-26,179,157,22,17.0,171.0,248.0,179,True
2024-07-27,178,163,15,24.0,191.0,187.0,178,True
2024-07-28,26,26,0,24.0,183.0,117.0,26,True
2024-07-29,170,167,3,16.0,167.0,128.0,170,True
2024-07-30,155,147,8,21.0,182.0,227.0,155,True
2024-07-31,167,152,15,17.0,178.0,220.0,167,True
2024-08-01,155,143,12,19.0,185.0,195.0,155,True
2024-08-02,176,169,7,11.0,137.0,132.0,176,True
2024-08-03,246,214,32,29.0,180.0,873.0,246,True
2024-08-04,14,14,0,16.0,166.0,87.0,14,True
2024-08-05,57,55,2,12.0,155.0,127.0,57,True
2024-08-06,1016,644,372,74.0,125.0,672.0,1016,True
2024-08-07,380,344,36,28.0,183.0,532.0,380,True
2024-08-08,269,245,24,31.0,185.0,201.0,269,True
2024-08-09,225,205,20,20.0,192.0,130.0,225,True
2024-08-10,205,192,13,27.0,184.0,247.0,205,True
2024-08-11,33,31,2,29.0,135.0,343.0,33,True
2024-08-12,225,195,30,28.0,165.0,186.0,225,True
2024-08-13,186,177,9,16.0,153.0,188.0,186,True
2024-08-14,209,172,37,34.0,173.0,306.0,209,True
2024-08-15,223,193,30,34.0,178.0,454.0,223,True
2024-08-16,206,194,12,16.0,172.0,186.0,206,True
2024-08-17,248,211,37,44.0,177.0,368.0,248,True
2024-08-18,29,29,0,8.0,160.0,44.0,29,True
2024-08-19,172,163,9,24.0,178.0,199.0,172,True
2024-08-20,194,166,28,46.0,179.0,560.0,194,True
2024-08-21,226,196,30,33.0,177.0,325.0,226,True
2024-08-22,308,241,67,49.0,191.0,412.0,308,True
2024-08-23,236,214,22,26.0,169.0,233.0,236,True
2024-08-24,199,191,8,14.0,181.0,129.0,199,True
2024-08-25,15,15,0,4.0,199.0,14.0,15,True
2024-08-26,27,25,2,8.0,154.0,124.0,27,True
2024-08-27,7,6,1,3.0,288.0,31.0,7,True
2024-08-28,174,144,30,33.0,156.0,511.0,174,True
2024-08-29,227,206,21,20.0,155.0,146.0,227,True
2024-08-30,172,160,12,28.0,181.0,310.0,172,True
2024-08-31,163,149,14,24.0,188.0,154.0,163,True
2024-09-01,37,35,2,12.0,168.0,63.0,37,True
2024-09-02,185,169,16,32.0,178.0,268.0,185,True
2024-09-03,224,206,18,30.0,174.0,263.0,224,True
2024-09-04,203,193,10,18.0,173.0,168.0,203,True
2024-09-05,199,163,36,36.0,192.0,312.0,199,True
2024-09-06,202,196,6,10.0,163.0,152.0,202,True
2024-09-07,195,180,15,21.0,162.0,197.0,195,True
2024-09-08,27,25,2,25.0,123.0,127.0,27,True
2024-09-09,231,206,25,29.0,181.0,266.0,231,True
2024-09-10,230,199,31,35.0,178.0,319.0,230,True
2024-09-11,206,193,13,33.0,159.0,321.0,206,True
2024-09-12,226,194,32,29.0,168.0,305.0,226,True
2024-09-13,175,154,21,34.0,189.0,186.0,175,True
2024-09-14,163,150,13,36.0,171.0,353.0,163,True
2024-09-15,17,14,3,47.0,188.0,172.0,17,True
2024-09-16,172,145,27,38.0,177.0,248.0,172,True
2024-09-17,163,142,21,33.0,164.0,558.0,163,True
2024-09-18,190,159,31,41.0,176.0,343.0,190,True
2024-09-19,156,146,10,28.0,169.0,207.0,156,True
2024-09-20,191,172,19,28.0,159.0,184.0,191,True
2024-09-21,158,120,38,29.0,174.0,395.0,158,True
2024-09-22,26,26,0,17.0,181.0,78.0,26,True
2024-09-23,154,140,14,21.0,178.0,400.0,154,True
2024-09-24,131,125,6,8.0,159.0,62.0,131,True
2024-09-25,191,187,4,18.0,153.0,173.0,191,True
2024-09-26,259,227,32,33.0,177.0,275.0,259,True
2024-09-27,218,188,30,30.0,172.0,310.0,218,True
2024-09-28,181,151,30,32.0,165.0,372.0,181,True
2024-09-29,61,59,2,16.0,91.0,186.0,61,True
2024-09-30,168,154,14,28.0,176.0,196.0,168,True
2024-10-01,194,172,22,21.0,160.0,203.0,194,True
2024-10-02,173,157,16,19.0,154.0,127.0,173,True
2024-10-03,158,124,34,50.0,184.0,361.0,158,True
2024-10-04,188,158,30,33.0,172.0,310.0,188,True
2024-10-05,14,14,0,15.0,223.0,92.0,14,True
2024-10-06,18,18,0,3.0,176.0,6.0,18,True
2024-10-07,161,148,13,22.0,156.0,195.0,161,True
2024-10-08,144,134,10,22.0,171.0,310.0,144,True
2024-10-09,199,175,24,29.0,167.0,251.0,199,True
2024-10-10,202,150,52,37.0,167.0,257.0,202,True
2024-10-11,395,362,33,31.0,170.0,346.0,395,True
2024-10-12,244,205,39,29.0,138.0,310.0,244,True
2024-10-13,29,28,1,9.0,148.0,65.0,29,True
2024-10-14,30,29,1,19.0,150.0,151.0,30,True
2024-10-15,289,273,16,16.0,140.0,186.0,289,True
2024-10-16,492,380,112,39.0,128.0,478.0,492,True
2024-10-17,286,230,56,40.0,172.0,373.0,286,True
2024-10-18,175,163,12,17.0,166.0,164.0,175,True
2024-10-19,170,152,18,13.0,157.0,310.0,170,True
2024-10-20,27,24,3,20.0,125.0,223.0,27,True
2024-10-21,177,153,24,29.0,166.0,186.0,177,True
2024-10-22,37,27,10,36.0,175.0,237.0,37,True
2024-10-23,189,171,18,27.0,169.0,208.0,189,True
2024-10-24,162,149,13,23.0,167.0,292.0,162,True
2024-10-25,236,215,21,22.0,154.0,488.0,236,True
2024-10-26,163,157,6,13.0,152.0,310.0,163,True
2024-10-27,27,24,3,18.0,130.0,231.0,27,True
2024-10-28,170,155,15,26.0,198.0,188.0,170,True
2024-10-29,333,301,32,23.0,149.0,419.0,333,True
2024-10-30,239,208,31,20.0,164.0,318.0,239,True
2024-10-31,37,34,3,14.0,136.0,224.0,37,True
2024-11-01,188,167,21,18.0,163.0,372.0,188,True
2024-11-02,140,132,8,10.0,177.0,208.0,140,True
2024-11-03,13,11,2,46.0,127.0,155.0,13,True
2024-11-04,162,152,10,23.0,148.0,172.0,162,True
2024-11-05,150,144,6,15.0,166.0,181.0,150,True
2024-11-06,180,167,13,22.0,162.0,324.0,180,True
2024-11-07,226,210,16,21.0,180.0,287.0,226,True
2024-11-08,277,273,4,10.0,120.0,123.0,277,True
2024-11-09,191,172,19,20.0,161.0,216.0,191,True
2024-11-10,26,22,4,34.0,143.0,378.0,26,True
2024-11-11,179,167,12,35.0,176.0,195.0,179,True
2024-11-12,150,144,6,28.0,167.0,228.0,150,True
2024-11-13,147,147,0,11.0,171.0,123.0,147,True
2024-11-14,141,134,7,19.0,164.0,499.0,141,True
2024-11-15,179,163,16,19.0,155.0,436.0,179,True
2024-11-16,169,169,0,9.0,165.0,65.0,169,True
2024-11-17,27,21,6,27.0,148.0,124.0,27,True
2024-11-18,148,140,8,12.0,168.0,131.0,148,True
2024-11-19,128,122,6,21.0,168.0,127.0,128,True
2024-11-20,142,135,7,17.0,147.0,248.0,142,True
2024-11-21,213,181,32,38.0,159.0,248.0,213,True
2024-11-22,181,163,18,33.0,174.0,298.0,181,True
2024-11-23,199,190,9,25.0,152.0,142.0,199,True
2024-11-24,21,17,4,44.0,211.0,277.0,21,True
2024-11-25,173,161,12,16.0,155.0,374.0,173,True
2024-11-26,200,196,4,9.0,171.0,121.0,200,True
2024-11-27,167,157,10,24.0,160.0,114.0,167,True
2024-11-28,232,217,15,27.0,159.0,123.0,232,True
2024-11-29,175,168,7,24.0,177.0,174.0,175,True
2024-11-30,251,185,66,60.0,182.0,300.0,251,True
2024-12-01,36,27,9,48.0,176.0,233.0,36,True
2024-12-02,201,179,22,27.0,161.0,580.0,201,True
2024-12-03,190,181,9,19.0,179.0,164.0,190,True
2024-12-04,231,219,12,30.0,195.0,385.0,231,True
2024-12-05,257,235,22,27.0,176.0,232.0,257,True
2024-12-06,596,521,75,29.0,136.0,261.0,596,True
2024-12-07,566,551,15,12.0,100.0,106.0,566,True
2024-12-08,150,149,1,10.0,100.0,131.0,150,True
2024-12-09,525,499,26,23.0,96.0,184.0,525,True
2024-12-10,334,309,25,21.0,199.0,392.0,334,True
2024-12-11,300,288,12,13.0,200.0,243.0,300,True
2024-12-12,295,287,8,14.0,208.0,199.0,295,True
2024-12-13,262,253,9,10.0,183.0,348.0,262,True
2024-12-14,225,210,15,16.0,187.0,323.0,225,True
2024-12-15,59,58,1,21.0,221.0,192.0,59,True
2024-12-16,342,327,15,21.0,115.0,226.0,342,True
2024-12-17,288,280,8,13.0,185.0,116.0,288,True
2024-12-18,271,257,14,16.0,184.0,229.0,271,True
2024-12-19,271,261,10,12.0,186.0,269.0,271,True
2024-12-20,287,273,14,12.0,194.0,173.0,287,True
2024-12-21,255,229,26,22.0,179.0,186.0,255,True
2024-12-22,47,47,0,13.0,183.0,89.0,47,True
2024-12-23,234,225,9,13.0,182.0,117.0,234,True
2024-12-24,258,248,10,14.0,194.0,222.0,258,True
2024-12-25,247,234,13,11.0,181.0,116.0,247,True
2024-12-26,267,265,2,5.0,179.0,73.0,267,True
2024-12-27,232,224,8,11.0,176.0,174.0,232,True
2024-12-28,238,226,12,19.0,184.0,186.0,238,True
2024-12-29,81,78,3,11.0,177.0,58.0,81,True
2024-12-30,282,273,9,11.0,182.0,201.0,282,True
2024-12-31,401,387,14,11.0,171.0,145.0,401,True
2025-01-01,291,287,4,11.0,156.0,218.0,291,True
2025-01-02,291,281,10,7.0,183.0,60.0,291,True
2025-01-03,230,227,3,8.0,186.0,72.0,230,True
2025-01-04,240,216,24,17.0,189.0,174.0,240,True
2025-01-05,45,44,1,5.0,165.0,116.0,45,True
2025-01-06,251,238,13,11.0,162.0,118.0,251,True
2025-01-07,354,328,26,28.0,151.0,148.0,354,True
2025-01-08,372,306,66,27.0,146.0,401.0,372,True
2025-01-09,263,256,7,13.0,170.0,174.0,263,True
2025-01-10,304,288,16,21.0,176.0,179.0,304,True
2025-01-11,305,268,37,28.0,169.0,178.0,305,True
2025-01-12,50,49,1,24.0,175.0,128.0,50,True
2025-01-13,287,273,14,21.0,169.0,210.0,287,True
2025-01-14,77,75,2,9.0,163.0,130.0,77,True
2025-01-15,334,321,13,17.0,178.0,214.0,334,True
2025-01-16,285,266,19,22.0,190.0,492.0,285,True
2025-01-17,257,248,9,14.0,180.0,232.0,257,True
2025-01-18,177,176,1,12.0,157.0,105.0,177,True
2025-01-19,27,24,3,13.0,135.0,68.0,27,True
2025-01-20,307,305,2,9.0,181.0,102.0,307,True
2025-01-21,589,577,12,10.0,128.0,116.0,589,True
2025-01-22,271,265,6,7.0,164.0,116.0,271,True
2025-01-23,309,297,12,14.0,179.0,175.0,309,True
2025-01-24,242,238,4,6.0,162.0,115.0,242,True
2025-01-25,196,182,14,12.0,177.0,96.0,196,True
2025-01-26,21,21,0,12.0,187.0,94.0,21,True
2025-01-27,291,288,3,7.0,166.0,84.0,291,True
2025-01-28,523,479,44,26.0,160.0,211.0,523,True
2025-01-29,453,447,6,6.0,124.0,232.0,453,True
2025-01-30,375,375,0,5.0,133.0,65.0,375,True
2025-01-31,309,287,22,19.0,135.0,290.0,309,True
2025-02-01,242,235,7,15.0,160.0,117.0,242,True
2025-02-02,34,34,0,18.0,181.0,128.0,34,True
2025-02-03,250,238,12,19.0,163.0,273.0,250,True
2025-02-04,326,307,19,13.0,162.0,208.0,326,True
2025-02-05,260,257,3,10.0,149.0,102.0,260,True
2025-02-06,317,311,6,10.0,161.0,174.0,317,True
2025-02-07,60,59,1,3.0,161.0,115.0,60,True
2025-02-08,270,251,19,19.0,147.0,464.0,270,True
2025-02-09,30,29,1,8.0,120.0,46.0,30,True
2025-02-10,248,238,10,13.0,155.0,174.0,248,True
2025-02-11,378,365,13,15.0,180.0,210.0,378,True
2025-02-12,318,306,12,13.0,175.0,118.0,318,True
2025-02-13,311,304,7,7.0,171.0,100.0,311,True
2025-02-14,342,327,15,23.0,175.0,154.0,342,True
2025-02-15,309,289,20,24.0,163.0,304.0,309,True
2025-02-16,40,40,0,5.0,166.0,51.0,40,True
2025-02-17,379,370,9,11.0,172.0,156.0,379,True
2025-02-18,425,416,9,14.0,174.0,221.0,425,True
2025-02-19,356,353,3,5.0,168.0,64.0,356,True
2025-02-20,322,308,14,10.0,153.0,204.0,322,True
2025-02-21,353,341,12,11.0,170.0,109.0,353,True
2025-02-22,85,83,2,13.0,167.0,224.0,85,True
2025-02-23,44,43,1,9.0,153.0,232.0,44,True
2025-02-24,393,363,30,19.0,186.0,174.0,393,True
2025-02-25,283,280,3,6.0,185.0,109.0,283,True
2025-02-26,241,238,3,5.0,175.0,196.0,241,True
2025-02-27,281,273,8,9.0,166.0,218.0,281,True
2025-02-28,298,273,25,26.0,196.0,164.0,298,True
2025-03-01,298,246,52,27.0,184.0,284.0,298,True
2025-03-02,32,32,0,6.0,163.0,70.0,32,True
2025-03-03,271,263,8,12.0,172.0,120.0,271,True
2025-03-04,212,208,4,8.0,163.0,154.0,212,True
2025-03-05,247,238,9,7.0,173.0,228.0,247,True
2025-03-06,194,190,4,8.0,163.0,214.0,194,True
2025-03-07,179,176,3,6.0,164.0,103.0,179,True
2025-03-08,67,65,2,9.0,156.0,119.0,67,True
2025-03-09,27,27,0,9.0,147.0,93.0,27,True
2025-03-10,191,183,8,9.0,158.0,174.0,191,True
2025-03-11,214,205,9,10.0,158.0,302.0,214,True
2025-03-12,208,205,3,4.0,156.0,173.0,208,True
2025-03-13,166,165,1,8.0,161.0,211.0,166,True
2025-03-14,170,161,9,18.0,172.0,217.0,170,True
2025-03-15,176,167,9,10.0,149.0,232.0,176,True
2025-03-16,43,43,0,4.0,162.0,29.0,43,True
2025-03-17,24,24,0,3.0,166.0,3.0,24,True
2025-03-18,26,26,0,5.0,172.0,58.0,26,True
2025-03-19,42,41,1,3.0,161.0,3.0,42,True
2025-03-20,37,36,1,5.0,144.0,290.0,37,True
2025-03-21,60,60,0,5.0,187.0,61.0,60,True
2025-03-22,82,81,1,3.0,144.0,58.0,82,True
2025-03-23,31,31,0,6.0,140.0,61.0,31,True
2025-03-24,179,171,8,16.0,163.0,126.0,179,True
2025-03-25,184,175,9,13.0,147.0,278.0,184,True
2025-03-26,39,37,2,3.0,173.0,58.0,39,True
2025-03-27,170,167,3,12.0,144.0,170.0,170,True
2025-03-28,182,168,14,12.0,166.0,269.0,182,True
2025-03-29,24,24,0,4.0,156.0,21.0,24,True
2025-03-30,7,7,0,33.0,159.0,93.0,7,True
2025-03-31,181,181,0,12.0,167.0,89.0,181,True
2025-04-01,209,206,3,5.0,162.0,58.0,209,True
2025-04-02,180,179,1,4.0,148.0,62.0,180,True
2025-04-03,224,203,21,12.0,163.0,175.0,224,True
2025-04-04,255,248,7,10.0,168.0,187.0,255,True
2025-04-05,637,577,60,41.0,159.0,320.0,637,True
2025-04-06,168,159,9,18.0,190.0,235.0,168,True
2025-04-07,608,554,54,25.0,155.0,290.0,608,True
2025-04-08,304,300,4,7.0,155.0,175.0,304,True
2025-04-09,268,260,8,8.0,176.0,114.0,268,True
2025-04-10,287,281,6,11.0,160.0,174.0,287,True
2025-04-11,196,192,4,13.0,163.0,126.0,196,True
2025-04-12,191,189,2,11.0,180.0,154.0,191,True
2025-04-13,60,60,0,6.0,118.0,59.0,60,True
2025-04-14,216,207,9,10.0,160.0,104.0,216,True
2025-04-15,222,213,9,8.0,155.0,107.0,222,True
2025-04-16,202,193,9,3.0,166.0,58.0,202,True
2025-04-17,205,202,3,5.0,168.0,69.0,205,True
2025-04-18,202,194,8,14.0,164.0,149.0,202,True
2025-04-19,141,132,9,7.0,111.0,116.0,141,True
2025-04-20,29,28,1,13.0,189.0,107.0,29,True
2025-04-21,403,372,31,21.0,171.0,253.0,403,True
2025-04-22,256,249,7,15.0,181.0,129.0,256,True
2025-04-23,284,278,6,17.0,158.0,119.0,284,True
2025-04-24,231,222,9,21.0,166.0,165.0,231,True
2025-04-25,185,183,2,10.0,195.0,80.0,185,True
2025-04-26,197,194,3,13.0,169.0,121.0,197,True
2025-04-27,15,14,1,12.0,194.0,108.0,15,True
2025-04-28,230,228,2,7.0,167.0,61.0,230,True
2025-04-29,233,224,9,12.0,171.0,94.0,233,True
2025-04-30,238,231,7,11.0,181.0,119.0,238,True
2025-05-01,42,39,3,17.0,171.0,100.0,42,True
2025-05-02,215,211,4,6.0,186.0,174.0,215,True
2025-05-03,153,152,1,4.0,155.0,55.0,153,True
2025-05-04,39,39,0,14.0,222.0,97.0,39,True
2025-05-05,336,322,14,17.0,176.0,138.0,336,True
2025-05-06,238,225,13,13.0,173.0,116.0,238,True
2025-05-07,186,182,4,8.0,158.0,130.0,186,True
2025-05-08,203,197,6,13.0,153.0,116.0,203,True
2025-05-09,185,182,3,8.0,169.0,153.0,185,True
2025-05-10,38,38,0,4.0,206.0,57.0,38,True
2025-05-11,25,24,1,3.0,164.0,46.0,25,True
2025-05-12,204,195,9,8.0,158.0,514.0,204,True
2025-05-13,296,292,4,4.0,160.0,58.0,296,True
2025-05-14,235,223,12,9.0,167.0,106.0,235,True
2025-05-15,198,194,4,8.0,162.0,103.0,198,True
2025-05-16,181,179,2,4.0,159.0,48.0,181,True
2025-05-17,166,162,4,6.0,159.0,61.0,166,True
2025-05-18,19,19,0,3.0,147.0,3.0,19,True
2025-05-19,199,181,18,14.0,157.0,156.0,199,True
2025-05-20,176,172,4,16.0,150.0,176.0,176,True
2025-05-21,223,209,14,12.0,162.0,170.0,223,True
2025-05-22,197,191,6,14.0,171.0,354.0,197,True
2025-05-23,212,202,10,15.0,166.0,174.0,212,True
2025-05-24,202,194,8,16.0,169.0,208.0,202,True
2025-05-25,23,22,1,10.0,182.0,62.0,23,True
2025-05-26,228,210,18,10.0,157.0,217.0,228,True
2025-05-27,203,195,8,11.0,167.0,112.0,203,True
2025-05-28,192,184,8,7.0,170.0,116.0,192,True
2025-05-29,212,209,3,10.0,171.0,105.0,212,True
2025-05-30,211,203,8,12.0,202.0,232.0,211,True
2025-05-31,168,159,9,16.0,196.0,162.0,168,True
